{"Courses": [{"Name": "Course 1", "Color": [0.4, 0.0, 0.0, 1.0], "Frequency": 1, "Order": 1}, {"Name": "Course 2", "Color": [0.0, 0.30980392156862746, 0.4980392156862745, 1.0], "Frequency": 1, "Order": 2}, {"Name": "Course 3", "Color": [0.0, 0.4980392156862745, 0.12156862745098039, 1.0], "Frequency": 1, "Order": 3}, {"Name": "Course 4", "Color": [0.8, 0.6, 0.0, 1.0], "Frequency": 1, "Order": 4}], "Order": ["Course 1", "Course 2", "Course 3", "Course 4"], "Random": false}